[
  {
    "value": "SP",
    "synonyms": [
      "São Paulo",
      "SP"
    ]
  },
  {
    "value": "PR",
    "synonyms": [
      "Paraná",
      "PR"
    ]
  },
  {
    "value": "SC",
    "synonyms": [
      "Santa Catarina",
      "SC"
    ]
  },
  {
    "value": "RS",
    "synonyms": [
      "Rio Grande do Sul",
      "RS"
    ]
  },
  {
    "value": "MS",
    "synonyms": [
      "Mato Grosso do Sul",
      "MS"
    ]
  },
  {
    "value": "RO",
    "synonyms": [
      "Rondônia",
      "RO"
    ]
  },
  {
    "value": "AC",
    "synonyms": [
      "Acre",
      "AC"
    ]
  },
  {
    "value": "AM",
    "synonyms": [
      "Amazonas",
      "AM"
    ]
  },
  {
    "value": "RR",
    "synonyms": [
      "Roraima",
      "RR"
    ]
  },
  {
    "value": "PA",
    "synonyms": [
      "Pará",
      "PA"
    ]
  },
  {
    "value": "AP",
    "synonyms": [
      "Amapá",
      "AP"
    ]
  },
  {
    "value": "TO",
    "synonyms": [
      "Tocantins",
      "TO"
    ]
  },
  {
    "value": "MA",
    "synonyms": [
      "Maranhão",
      "MA"
    ]
  },
  {
    "value": "RN",
    "synonyms": [
      "Rio Grande do Norte",
      "RN"
    ]
  },
  {
    "value": "PB",
    "synonyms": [
      "Paraíba",
      "PB"
    ]
  },
  {
    "value": "PE",
    "synonyms": [
      "Pernambuco",
      "PE"
    ]
  },
  {
    "value": "AL",
    "synonyms": [
      "Alagoas",
      "AL"
    ]
  },
  {
    "value": "SE",
    "synonyms": [
      "Sergipe",
      "SE"
    ]
  },
  {
    "value": "BA",
    "synonyms": [
      "Bahia",
      "BA"
    ]
  },
  {
    "value": "MG",
    "synonyms": [
      "Minas Gerais",
      "Minas",
      "MG"
    ]
  },
  {
    "value": "RJ",
    "synonyms": [
      "Rio de Janeiro",
      "Rio",
      "RJ"
    ]
  },
  {
    "value": "MT",
    "synonyms": [
      "Mato Grosso",
      "MT"
    ]
  },
  {
    "value": "GO",
    "synonyms": [
      "Goiás",
      "GO"
    ]
  },
  {
    "value": "PI",
    "synonyms": [
      "Piauí",
      "PI"
    ]
  },
  {
    "value": "CE",
    "synonyms": [
      "Ceará",
      "CE"
    ]
  },
  {
    "value": "ES",
    "synonyms": [
      "Espírito Santo",
      "ES"
    ]
  },
  {
    "value": "DF",
    "synonyms": [
      "DF",
      "Distrito Federal"
    ]
  }
]