[
  {
    "value": "bar",
    "synonyms": [
      "bar",
      "pub",
      "barzinho",
      "bares"
    ]
  },
  {
    "value": "supermercado",
    "synonyms": [
      "mercado",
      "comércios",
      "compras",
      "mercados",
      "supermercado"
    ]
  },
  {
    "value": "museu",
    "synonyms": [
      "museus",
      "museu"
    ]
  },
  {
    "value": "hospital",
    "synonyms": [
      "saude",
      "hospital",
      "posto de saude",
      "postinho",
      "médico",
      "atendimento médico",
      "hospitais"
    ]
  },
  {
    "value": "pizzaria",
    "synonyms": [
      "pizzaria",
      "pizza",
      "pizzarias"
    ]
  },
  {
    "value": "hamburgueria",
    "synonyms": [
      "hamburgueria",
      "hamburguer",
      "hamburguerias"
    ]
  },
  {
    "value": "food truck",
    "synonyms": [
      "food truck",
      "lanchonete movel"
    ]
  },
  {
    "value": "hot dog",
    "synonyms": [
      "hot dog",
      "cachorro quente"
    ]
  },
  {
    "value": "restaurante",
    "synonyms": [
      "restaurante",
      "local para comer",
      "restaurantes"
    ]
  },
  {
    "value": "estadio",
    "synonyms": [
      "estadio",
      "futebol",
      "estadios"
    ]
  },
  {
    "value": "dança",
    "synonyms": [
      "balada",
      "discoteca",
      "festa",
      "boate",
      "boates",
      "baladas",
      "discotecas",
      "festas",
      "dança"
    ]
  },
  {
    "value": "esfiharia",
    "synonyms": [
      "esfiharia",
      "esfihas",
      "esfiharias"
    ]
  },
  {
    "value": "academia",
    "synonyms": [
      "academia",
      "ginástica",
      "academias"
    ]
  },
  {
    "value": "lanchonete",
    "synonyms": [
      "lanchonete",
      "salgados",
      "salgadinhos",
      "lanchonetes"
    ]
  },
  {
    "value": "escola",
    "synonyms": [
      "estudo",
      "ensino médio",
      "ensino básico",
      "ensino fundamental",
      "ensino",
      "escolas"
    ]
  },
  {
    "value": "universidade",
    "synonyms": [
      "universidade",
      "faculdade",
      "ensino superior",
      "universidades"
    ]
  },
  {
    "value": "peixaria",
    "synonyms": [
      "peixaria",
      "peixe",
      "frutos do mar",
      "peixarias"
    ]
  },
  {
    "value": "açougue",
    "synonyms": [
      "açougues",
      "açougue",
      "comprar carne"
    ]
  },
  {
    "value": "sorveteria",
    "synonyms": [
      "sorveteria",
      "sorveterias",
      "sorvete"
    ]
  }
]