[
  {
    "id": "4a7741a0-1794-4f6c-954a-2f50db0f16ed",
    "data": [
      {
        "text": "busco ",
        "userDefined": false
      },
      {
        "text": "escolas",
        "meta": "@local",
        "alias": "local",
        "userDefined": false
      },
      {
        "text": " proximas a ",
        "userDefined": false
      },
      {
        "text": "maua",
        "meta": "@Cidades",
        "alias": "cidades",
        "userDefined": false
      },
      {
        "text": " ",
        "userDefined": false
      },
      {
        "text": "sp",
        "meta": "@Estados",
        "alias": "Estados",
        "userDefined": false
      }
    ],
    "isTemplate": false,
    "count": 0,
    "lang": "pt-br",
    "updated": 0
  },
  {
    "id": "4191bf72-9179-499d-8942-849580e217be",
    "data": [
      {
        "text": "quero um ",
        "userDefined": false
      },
      {
        "text": "bar",
        "meta": "@local",
        "alias": "local",
        "userDefined": false
      },
      {
        "text": " em ",
        "userDefined": false
      },
      {
        "text": "santo andré sp",
        "meta": "@Cidades",
        "alias": "cidades",
        "userDefined": false
      }
    ],
    "isTemplate": false,
    "count": 0,
    "lang": "pt-br",
    "updated": 0
  },
  {
    "id": "40c16c97-773d-4d31-b4d7-00756d926029",
    "data": [
      {
        "text": "quero encontrar ",
        "userDefined": false
      },
      {
        "text": "bares",
        "meta": "@local",
        "alias": "local",
        "userDefined": false
      },
      {
        "text": " proximos a ",
        "userDefined": false
      },
      {
        "text": "santo andré,",
        "meta": "@Cidades",
        "alias": "cidades",
        "userDefined": false
      },
      {
        "text": " ",
        "userDefined": false
      },
      {
        "text": "são paulo",
        "meta": "@Estados",
        "alias": "Estados",
        "userDefined": false
      }
    ],
    "isTemplate": false,
    "count": 0,
    "lang": "pt-br",
    "updated": 0
  },
  {
    "id": "c2eb9b48-c550-47f1-9fae-89c3abe50657",
    "data": [
      {
        "text": "gostaria de visitar os ",
        "userDefined": false
      },
      {
        "text": "cinemas",
        "meta": "@local",
        "alias": "local",
        "userDefined": false
      },
      {
        "text": " do ",
        "userDefined": false
      },
      {
        "text": "distrito federal",
        "meta": "@Cidades",
        "alias": "cidades",
        "userDefined": false
      },
      {
        "text": ", em ",
        "userDefined": false
      },
      {
        "text": "brasilia",
        "meta": "@Estados",
        "alias": "Estados",
        "userDefined": false
      }
    ],
    "isTemplate": false,
    "count": 0,
    "lang": "pt-br",
    "updated": 0
  },
  {
    "id": "5318a24d-c9a5-42e1-ba49-d46219b4d091",
    "data": [
      {
        "text": "qual o melhor ",
        "userDefined": false
      },
      {
        "text": "mercado",
        "meta": "@local",
        "alias": "local",
        "userDefined": false
      },
      {
        "text": " de ",
        "userDefined": false
      },
      {
        "text": "goiânia",
        "meta": "@Cidades",
        "alias": "cidades",
        "userDefined": false
      },
      {
        "text": " ",
        "userDefined": false
      },
      {
        "text": "GO",
        "meta": "@Estados",
        "alias": "Estados",
        "userDefined": false
      },
      {
        "text": "?",
        "userDefined": false
      }
    ],
    "isTemplate": false,
    "count": 0,
    "lang": "pt-br",
    "updated": 0
  },
  {
    "id": "0f0e2f63-f17c-467c-a6dc-e93949193d60",
    "data": [
      {
        "text": "me mostre as ",
        "userDefined": false
      },
      {
        "text": "boates",
        "meta": "@local",
        "alias": "local",
        "userDefined": false
      },
      {
        "text": " de ",
        "userDefined": false
      },
      {
        "text": "curitiba",
        "meta": "@Cidades",
        "alias": "cidades",
        "userDefined": false
      },
      {
        "text": " ",
        "userDefined": false
      },
      {
        "text": "PR",
        "meta": "@Estados",
        "alias": "Estados",
        "userDefined": false
      }
    ],
    "isTemplate": false,
    "count": 0,
    "lang": "pt-br",
    "updated": 0
  },
  {
    "id": "2e86bb43-998e-4443-8744-1f6345bd353f",
    "data": [
      {
        "text": "me mostre as ",
        "userDefined": false
      },
      {
        "text": "boates",
        "meta": "@local",
        "alias": "local",
        "userDefined": false
      },
      {
        "text": " do ",
        "userDefined": false
      },
      {
        "text": "paraná",
        "meta": "@Estados",
        "alias": "Estados",
        "userDefined": false
      },
      {
        "text": ", em ",
        "userDefined": false
      },
      {
        "text": "curitiba",
        "meta": "@Cidades",
        "alias": "cidades",
        "userDefined": false
      }
    ],
    "isTemplate": false,
    "count": 0,
    "lang": "pt-br",
    "updated": 0
  },
  {
    "id": "daa0b07d-47c3-4430-b38a-4237be72318b",
    "data": [
      {
        "text": "quero ir a ",
        "userDefined": false
      },
      {
        "text": "são paulo",
        "meta": "@Estados",
        "alias": "Estados",
        "userDefined": false
      },
      {
        "text": " conhecer os ",
        "userDefined": false
      },
      {
        "text": "bares",
        "meta": "@local",
        "alias": "local",
        "userDefined": true
      },
      {
        "text": " ",
        "userDefined": false
      },
      {
        "text": "mauá",
        "meta": "@Cidades",
        "alias": "cidades",
        "userDefined": false
      }
    ],
    "isTemplate": false,
    "count": 0,
    "lang": "pt-br",
    "updated": 0
  },
  {
    "id": "51743fe1-ab77-4bf5-bedc-0ed4236e65da",
    "data": [
      {
        "text": "hospital",
        "meta": "@local",
        "alias": "local",
        "userDefined": false
      },
      {
        "text": " em ",
        "userDefined": false
      },
      {
        "text": "minas gerais",
        "meta": "@Estados",
        "alias": "Estados",
        "userDefined": false
      },
      {
        "text": " na cidade de ",
        "userDefined": false
      },
      {
        "text": "belo horizonte",
        "meta": "@Cidades",
        "alias": "cidades",
        "userDefined": false
      }
    ],
    "isTemplate": false,
    "count": 0,
    "lang": "pt-br",
    "updated": 0
  },
  {
    "id": "0c931381-4d10-4016-8cb1-5b0ef46a2652",
    "data": [
      {
        "text": "você pode me mostrar uma ",
        "userDefined": false
      },
      {
        "text": "balada",
        "meta": "@local",
        "alias": "local",
        "userDefined": false
      },
      {
        "text": " em ",
        "userDefined": false
      },
      {
        "text": "caxias",
        "meta": "@Cidades",
        "alias": "cidades",
        "userDefined": false
      },
      {
        "text": ", ",
        "userDefined": false
      },
      {
        "text": "rj",
        "meta": "@Estados",
        "alias": "Estados",
        "userDefined": false
      }
    ],
    "isTemplate": false,
    "count": 0,
    "lang": "pt-br",
    "updated": 0
  },
  {
    "id": "f51ed1ca-3171-4824-b21d-b69a9e832e3d",
    "data": [
      {
        "text": "Gostaria de conhecer melhor os ",
        "userDefined": false
      },
      {
        "text": "bares",
        "meta": "@local",
        "alias": "local",
        "userDefined": false
      },
      {
        "text": " de ",
        "userDefined": false
      },
      {
        "text": "porto alegre",
        "meta": "@Cidades",
        "alias": "cidades",
        "userDefined": false
      },
      {
        "text": ", ",
        "userDefined": false
      },
      {
        "text": "rio grande do sul",
        "meta": "@Estados",
        "alias": "Estados",
        "userDefined": false
      }
    ],
    "isTemplate": false,
    "count": 0,
    "lang": "pt-br",
    "updated": 0
  },
  {
    "id": "fbd685de-ba67-491d-afaf-650421ff3271",
    "data": [
      {
        "text": "Busco um ",
        "userDefined": false
      },
      {
        "text": "restaurante",
        "meta": "@local",
        "alias": "local",
        "userDefined": false
      },
      {
        "text": " no ",
        "userDefined": false
      },
      {
        "text": "Rio Grande da Serra",
        "meta": "@Cidades",
        "alias": "cidades",
        "userDefined": false
      },
      {
        "text": ", em ",
        "userDefined": false
      },
      {
        "text": "SP",
        "meta": "@Estados",
        "alias": "Estados",
        "userDefined": false
      }
    ],
    "isTemplate": false,
    "count": 0,
    "lang": "pt-br",
    "updated": 0
  },
  {
    "id": "fad1e626-1e2b-466e-ac9d-6b59f63560f3",
    "data": [
      {
        "text": "hospital",
        "meta": "@local",
        "alias": "local",
        "userDefined": false
      },
      {
        "text": " em ",
        "userDefined": false
      },
      {
        "text": "mariana",
        "meta": "@Cidades",
        "alias": "cidades",
        "userDefined": false
      },
      {
        "text": ", ",
        "userDefined": false
      },
      {
        "text": "minas gerais",
        "meta": "@Estados",
        "alias": "Estados",
        "userDefined": false
      }
    ],
    "isTemplate": false,
    "count": 0,
    "lang": "pt-br",
    "updated": 0
  },
  {
    "id": "45389096-1080-4f50-969d-6f753497ce89",
    "data": [
      {
        "text": "peixaria",
        "meta": "@local",
        "alias": "local",
        "userDefined": false
      },
      {
        "text": " em ",
        "userDefined": false
      },
      {
        "text": "são caetano",
        "meta": "@Cidades",
        "alias": "cidades",
        "userDefined": false
      },
      {
        "text": ", ",
        "userDefined": false
      },
      {
        "text": "são paulo",
        "meta": "@Estados",
        "alias": "Estados",
        "userDefined": false
      }
    ],
    "isTemplate": false,
    "count": 0,
    "lang": "pt-br",
    "updated": 0
  },
  {
    "id": "da3bf9f2-c3cc-44b8-aab2-5af36369aa8d",
    "data": [
      {
        "text": "gostaria de comer ",
        "userDefined": false
      },
      {
        "text": "peixe",
        "meta": "@local",
        "alias": "local",
        "userDefined": false
      },
      {
        "text": " em ",
        "userDefined": false
      },
      {
        "text": "peruíbe",
        "meta": "@Cidades",
        "alias": "cidades",
        "userDefined": true
      },
      {
        "text": ", ",
        "userDefined": false
      },
      {
        "text": "são paulo",
        "meta": "@Estados",
        "alias": "Estados",
        "userDefined": true
      }
    ],
    "isTemplate": false,
    "count": 0,
    "lang": "pt-br",
    "updated": 0
  },
  {
    "id": "39a9481f-b611-4a5a-b8e8-750ead209ff0",
    "data": [
      {
        "text": "indique ",
        "userDefined": false
      },
      {
        "text": "academias",
        "meta": "@local",
        "alias": "local",
        "userDefined": false
      },
      {
        "text": " em ",
        "userDefined": false
      },
      {
        "text": "macapá",
        "meta": "@Cidades",
        "alias": "cidades",
        "userDefined": false
      },
      {
        "text": ", no ",
        "userDefined": false
      },
      {
        "text": "amapá",
        "meta": "@Estados",
        "alias": "Estados",
        "userDefined": false
      },
      {
        "text": " por favor",
        "userDefined": false
      }
    ],
    "isTemplate": false,
    "count": 0,
    "lang": "pt-br",
    "updated": 0
  },
  {
    "id": "06e0a5f3-b5c3-4d0d-8060-e52ca042c808",
    "data": [
      {
        "text": "quero ",
        "userDefined": false
      },
      {
        "text": "medicos",
        "meta": "@local",
        "alias": "local",
        "userDefined": false
      },
      {
        "text": " no ",
        "userDefined": false
      },
      {
        "text": "rio branco",
        "meta": "@Cidades",
        "alias": "cidades",
        "userDefined": false
      },
      {
        "text": " ",
        "userDefined": false
      },
      {
        "text": "ac",
        "meta": "@Estados",
        "alias": "Estados",
        "userDefined": false
      }
    ],
    "isTemplate": false,
    "count": 0,
    "lang": "pt-br",
    "updated": 0
  },
  {
    "id": "de993032-48cc-420c-9341-46c362608e5e",
    "data": [
      {
        "text": "quero ",
        "userDefined": false
      },
      {
        "text": "compras",
        "meta": "@local",
        "alias": "local",
        "userDefined": false
      },
      {
        "text": " em ",
        "userDefined": false
      },
      {
        "text": "belo horizonte",
        "meta": "@Cidades",
        "alias": "cidades",
        "userDefined": false
      },
      {
        "text": " ",
        "userDefined": false
      },
      {
        "text": "mg",
        "meta": "@Estados",
        "alias": "Estados",
        "userDefined": false
      }
    ],
    "isTemplate": false,
    "count": 0,
    "lang": "pt-br",
    "updated": 0
  },
  {
    "id": "0803833a-1cf6-46fc-a409-d8a702b8a1fe",
    "data": [
      {
        "text": "preciso ir às ",
        "userDefined": false
      },
      {
        "text": "compras",
        "meta": "@local",
        "alias": "local",
        "userDefined": false
      },
      {
        "text": " e estou em ",
        "userDefined": false
      },
      {
        "text": "santo andré",
        "meta": "@Cidades",
        "alias": "cidades",
        "userDefined": false
      },
      {
        "text": " ",
        "userDefined": false
      },
      {
        "text": "sp",
        "meta": "@Estados",
        "alias": "Estados",
        "userDefined": false
      }
    ],
    "isTemplate": false,
    "count": 0,
    "lang": "pt-br",
    "updated": 0
  },
  {
    "id": "59208249-7abe-439e-9fea-f8f3c0e69e71",
    "data": [
      {
        "text": "gostaria de ",
        "userDefined": false
      },
      {
        "text": "hamburgueres",
        "meta": "@local",
        "alias": "local",
        "userDefined": true
      },
      {
        "text": " aqui em ",
        "userDefined": false
      },
      {
        "text": "manaus",
        "meta": "@Cidades",
        "alias": "cidades",
        "userDefined": false
      },
      {
        "text": " no ",
        "userDefined": false
      },
      {
        "text": "amazonas",
        "meta": "@Estados",
        "alias": "Estados",
        "userDefined": false
      }
    ],
    "isTemplate": false,
    "count": 0,
    "lang": "pt-br",
    "updated": 0
  },
  {
    "id": "630e15f4-f76e-41c5-a46c-4fab096d2c36",
    "data": [
      {
        "text": "quero comprar ",
        "userDefined": false
      },
      {
        "text": "salgados",
        "meta": "@local",
        "alias": "local",
        "userDefined": true
      },
      {
        "text": " no ",
        "userDefined": false
      },
      {
        "text": "rio de janeiro",
        "meta": "@Cidades",
        "alias": "cidades",
        "userDefined": true
      },
      {
        "text": ", ",
        "userDefined": false
      },
      {
        "text": "rj",
        "meta": "@Estados",
        "alias": "Estados",
        "userDefined": true
      }
    ],
    "isTemplate": false,
    "count": 0,
    "lang": "pt-br",
    "updated": 0
  },
  {
    "id": "878abd08-4cba-4088-983d-54c0a3af830d",
    "data": [
      {
        "text": "quero",
        "meta": "@sys.ignore",
        "userDefined": false
      },
      {
        "text": " conhecer a ",
        "userDefined": false
      },
      {
        "text": "vida noturna",
        "meta": "@local",
        "alias": "local",
        "userDefined": false
      },
      {
        "text": " em  ",
        "userDefined": false
      },
      {
        "text": "belo horizonte",
        "meta": "@Cidades",
        "alias": "cidades",
        "userDefined": false
      },
      {
        "text": ", ",
        "userDefined": false
      },
      {
        "text": "minas gerais",
        "meta": "@Estados",
        "alias": "Estados",
        "userDefined": false
      }
    ],
    "isTemplate": false,
    "count": 0,
    "lang": "pt-br",
    "updated": 0
  },
  {
    "id": "73808f19-d76b-49a6-b950-ca3e73878eef",
    "data": [
      {
        "text": "quero ",
        "userDefined": false
      },
      {
        "text": "diversão",
        "meta": "@local",
        "alias": "local",
        "userDefined": true
      },
      {
        "text": " em ",
        "userDefined": false
      },
      {
        "text": "são paulo",
        "meta": "@Cidades",
        "alias": "cidades",
        "userDefined": true
      },
      {
        "text": ", ",
        "userDefined": false
      },
      {
        "text": "sp",
        "meta": "@Estados",
        "alias": "Estados",
        "userDefined": true
      }
    ],
    "isTemplate": false,
    "count": 0,
    "lang": "pt-br",
    "updated": 0
  },
  {
    "id": "14e16d54-2913-4524-8470-1ccddbc18042",
    "data": [
      {
        "text": "quero me ",
        "userDefined": false
      },
      {
        "text": "divertir",
        "meta": "@local",
        "alias": "local",
        "userDefined": true
      },
      {
        "text": " em ",
        "userDefined": false
      },
      {
        "text": "goiania,",
        "meta": "@Cidades",
        "alias": "cidades",
        "userDefined": false
      },
      {
        "text": " ",
        "userDefined": false
      },
      {
        "text": "GO",
        "meta": "@Estados",
        "alias": "Estados",
        "userDefined": true
      }
    ],
    "isTemplate": false,
    "count": 0,
    "lang": "pt-br",
    "updated": 0
  },
  {
    "id": "4c78482a-5e66-418f-8211-61ff63bfb1aa",
    "data": [
      {
        "text": "quero ",
        "userDefined": false
      },
      {
        "text": "comer",
        "meta": "@local",
        "alias": "local",
        "userDefined": false
      },
      {
        "text": " em ",
        "userDefined": false
      },
      {
        "text": "mauá",
        "meta": "@Cidades",
        "alias": "cidades",
        "userDefined": true
      },
      {
        "text": " ",
        "userDefined": false
      },
      {
        "text": "são paulo",
        "meta": "@Estados",
        "alias": "Estados",
        "userDefined": false
      }
    ],
    "isTemplate": false,
    "count": 0,
    "lang": "pt-br",
    "updated": 0
  },
  {
    "id": "ec1963ec-e18d-4a11-9a49-27452dfaf632",
    "data": [
      {
        "text": "gostaria de conhecer melhor os ",
        "userDefined": false
      },
      {
        "text": "bares",
        "meta": "@local",
        "alias": "local",
        "userDefined": true
      },
      {
        "text": " de ",
        "userDefined": false
      },
      {
        "text": "caxias",
        "meta": "@Cidades",
        "alias": "cidades",
        "userDefined": false
      },
      {
        "text": ", ",
        "userDefined": false
      },
      {
        "text": "RJ",
        "meta": "@Estados",
        "alias": "Estados",
        "userDefined": true
      }
    ],
    "isTemplate": false,
    "count": 0,
    "lang": "pt-br",
    "updated": 0
  },
  {
    "id": "26cdf397-2d15-4a13-afdb-efc0d6cd99f1",
    "data": [
      {
        "text": "farmacias",
        "meta": "@local",
        "alias": "local",
        "userDefined": true
      },
      {
        "text": " em ",
        "userDefined": false
      },
      {
        "text": "são bernardo do campo,",
        "meta": "@Cidades",
        "alias": "cidades",
        "userDefined": false
      },
      {
        "text": " ",
        "userDefined": false
      },
      {
        "text": "SP",
        "meta": "@Estados",
        "alias": "Estados",
        "userDefined": true
      }
    ],
    "isTemplate": false,
    "count": 0,
    "lang": "pt-br",
    "updated": 0
  },
  {
    "id": "beeb011b-4ec5-4956-9ae4-3e3ff3976adb",
    "data": [
      {
        "text": "estou a procura de mercados em ",
        "userDefined": false
      },
      {
        "text": "mauá,",
        "meta": "@Cidades",
        "alias": "cidades",
        "userDefined": false
      },
      {
        "text": " ",
        "userDefined": false
      },
      {
        "text": "SP",
        "meta": "@Estados",
        "alias": "Estados",
        "userDefined": true
      }
    ],
    "isTemplate": false,
    "count": 0,
    "lang": "pt-br",
    "updated": 0
  },
  {
    "id": "bf40a809-8ba3-4369-a5ca-5c5ef389f00e",
    "data": [
      {
        "text": "quero ir a uma ",
        "userDefined": false
      },
      {
        "text": "padaria",
        "meta": "@local",
        "alias": "local",
        "userDefined": true
      },
      {
        "text": " em ",
        "userDefined": false
      },
      {
        "text": "são paulo,",
        "meta": "@Cidades",
        "alias": "cidades",
        "userDefined": false
      },
      {
        "text": " ",
        "userDefined": false
      },
      {
        "text": "SP",
        "meta": "@Estados",
        "alias": "Estados",
        "userDefined": true
      }
    ],
    "isTemplate": false,
    "count": 0,
    "lang": "pt-br",
    "updated": 0
  },
  {
    "id": "fdd708f8-0036-47e4-b682-7399b542499f",
    "data": [
      {
        "text": "busco",
        "meta": "@sys.ignore",
        "userDefined": false
      },
      {
        "text": " ",
        "userDefined": false
      },
      {
        "text": "hospitais",
        "meta": "@local",
        "alias": "local",
        "userDefined": true
      },
      {
        "text": " em ",
        "userDefined": false
      },
      {
        "text": "feira de santana,",
        "meta": "@Cidades",
        "alias": "cidades",
        "userDefined": false
      },
      {
        "text": " ",
        "userDefined": false
      },
      {
        "text": "bahia",
        "meta": "@Estados",
        "alias": "Estados",
        "userDefined": true
      }
    ],
    "isTemplate": false,
    "count": 0,
    "lang": "pt-br",
    "updated": 0
  },
  {
    "id": "9cf6c7be-1ae5-40df-8639-9fdcb2207a0f",
    "data": [
      {
        "text": "gostaria de ",
        "userDefined": false
      },
      {
        "text": "museus",
        "meta": "@local",
        "alias": "local",
        "userDefined": true
      },
      {
        "text": " em santos, ",
        "userDefined": false
      },
      {
        "text": "são paulo",
        "meta": "@Estados",
        "alias": "Estados",
        "userDefined": true
      }
    ],
    "isTemplate": false,
    "count": 0,
    "lang": "pt-br",
    "updated": 0
  },
  {
    "id": "ca041fed-7a82-491d-9ebf-790d2b44c225",
    "data": [
      {
        "text": "procuro ",
        "userDefined": false
      },
      {
        "text": "restaurante",
        "meta": "@local",
        "alias": "local",
        "userDefined": true
      },
      {
        "text": " em ",
        "userDefined": false
      },
      {
        "text": "santo andré,",
        "meta": "@Cidades",
        "alias": "cidades",
        "userDefined": false
      },
      {
        "text": " ",
        "userDefined": false
      },
      {
        "text": "SP",
        "meta": "@Estados",
        "alias": "Estados",
        "userDefined": true
      }
    ],
    "isTemplate": false,
    "count": 0,
    "lang": "pt-br",
    "updated": 0
  }
]