[
  {
    "id": "20261687-dd81-4642-98f7-29872f77f9d5",
    "data": [
      {
        "text": "tchau",
        "userDefined": false
      }
    ],
    "isTemplate": false,
    "count": 0,
    "lang": "pt-br",
    "updated": 0
  },
  {
    "id": "7b2f205e-10e5-4033-83b1-4caf255952fe",
    "data": [
      {
        "text": "te vejo mais ",
        "userDefined": false
      },
      {
        "text": "tarde",
        "meta": "@sys.ignore",
        "userDefined": false
      }
    ],
    "isTemplate": false,
    "count": 0,
    "lang": "pt-br",
    "updated": 0
  },
  {
    "id": "a5f35fbd-e4e1-470c-9e35-5442ce237e10",
    "data": [
      {
        "text": "até logo",
        "userDefined": false
      }
    ],
    "isTemplate": false,
    "count": 0,
    "lang": "pt-br",
    "updated": 0
  },
  {
    "id": "4b2ec686-7a65-44e4-b9f9-1faec0d9f8b6",
    "data": [
      {
        "text": "muito obrigado",
        "userDefined": false
      }
    ],
    "isTemplate": false,
    "count": 0,
    "lang": "pt-br",
    "updated": 0
  },
  {
    "id": "86297a79-4588-4671-a41d-a75653c5f02d",
    "data": [
      {
        "text": "adeus",
        "userDefined": false
      }
    ],
    "isTemplate": false,
    "count": 0,
    "lang": "pt-br",
    "updated": 0
  },
  {
    "id": "006447d9-17f4-4fa4-9a04-ddcdc0d49326",
    "data": [
      {
        "text": "tchau tchau",
        "userDefined": false
      }
    ],
    "isTemplate": false,
    "count": 0,
    "lang": "pt-br",
    "updated": 0
  },
  {
    "id": "a9d6e183-fb1c-4fd6-83f6-5257363d7f29",
    "data": [
      {
        "text": "obrigado e tchau",
        "userDefined": false
      }
    ],
    "isTemplate": false,
    "count": 0,
    "lang": "pt-br",
    "updated": 0
  },
  {
    "id": "81f43990-e777-40ba-8732-e798ee906d72",
    "data": [
      {
        "text": "obrigado e até mais",
        "userDefined": false
      }
    ],
    "isTemplate": false,
    "count": 0,
    "lang": "pt-br",
    "updated": 0
  }
]