[
  {
    "id": "3d403f3b-4457-4aad-a6ac-a47bcaf42ff8",
    "data": [
      {
        "text": "agradeço mas não quero",
        "userDefined": false
      }
    ],
    "isTemplate": false,
    "count": 0,
    "lang": "pt-br",
    "updated": 0
  },
  {
    "id": "1fd57748-0788-4b7f-9c5a-baaeb3ba61c1",
    "data": [
      {
        "text": "já ",
        "userDefined": false
      },
      {
        "text": "basta",
        "meta": "@sys.ignore",
        "userDefined": false
      }
    ],
    "isTemplate": false,
    "count": 0,
    "lang": "pt-br",
    "updated": 0
  },
  {
    "id": "89624a75-d5f6-44bd-acbb-5ce0148d6aa1",
    "data": [
      {
        "text": "não",
        "meta": "@sys.ignore",
        "userDefined": false
      },
      {
        "text": " quero",
        "userDefined": false
      }
    ],
    "isTemplate": false,
    "count": 0,
    "lang": "pt-br",
    "updated": 0
  },
  {
    "id": "00415d93-1c1d-48d2-9459-2e92365e1799",
    "data": [
      {
        "text": "não",
        "meta": "@sys.ignore",
        "userDefined": false
      },
      {
        "text": " desejo",
        "userDefined": false
      }
    ],
    "isTemplate": false,
    "count": 0,
    "lang": "pt-br",
    "updated": 0
  },
  {
    "id": "f7b9b184-e481-447c-bb81-3dda19a4ddab",
    "data": [
      {
        "text": "não",
        "meta": "@sys.ignore",
        "userDefined": false
      },
      {
        "text": " precisa",
        "userDefined": false
      }
    ],
    "isTemplate": false,
    "count": 0,
    "lang": "pt-br",
    "updated": 0
  },
  {
    "id": "ba6c894d-4b7f-4cac-b294-4e0feb4e4486",
    "data": [
      {
        "text": "não",
        "meta": "@sys.ignore",
        "userDefined": false
      },
      {
        "text": ", isso é o bastante",
        "userDefined": false
      }
    ],
    "isTemplate": false,
    "count": 0,
    "lang": "pt-br",
    "updated": 0
  },
  {
    "id": "a15d2c07-5db7-4099-9351-5db8def9c626",
    "data": [
      {
        "text": "já é o suficiente, obrigado",
        "userDefined": false
      }
    ],
    "isTemplate": false,
    "count": 0,
    "lang": "pt-br",
    "updated": 0
  },
  {
    "id": "06286bd1-9a36-42da-8a0d-81a6744e1f0e",
    "data": [
      {
        "text": "recuso",
        "userDefined": false
      }
    ],
    "isTemplate": false,
    "count": 0,
    "lang": "pt-br",
    "updated": 0
  },
  {
    "id": "8241e1cf-3d3e-4ebe-8e2f-c452625b30a5",
    "data": [
      {
        "text": "não",
        "meta": "@sys.ignore",
        "userDefined": false
      },
      {
        "text": ", obrigado",
        "userDefined": false
      }
    ],
    "isTemplate": false,
    "count": 0,
    "lang": "pt-br",
    "updated": 0
  },
  {
    "id": "f3e0d766-471d-452d-a2b6-7e7bbc66364e",
    "data": [
      {
        "text": "não",
        "meta": "@sys.ignore",
        "userDefined": false
      }
    ],
    "isTemplate": false,
    "count": 0,
    "lang": "pt-br",
    "updated": 0
  }
]