[
  {
    "id": "58b99fff-7147-4e59-9c6b-36fa7d113555",
    "data": [
      {
        "text": "desejo um ",
        "userDefined": false
      },
      {
        "text": "posto de saude",
        "meta": "@local",
        "alias": "local",
        "userDefined": false
      }
    ],
    "isTemplate": false,
    "count": 1,
    "lang": "pt-br",
    "updated": 0
  },
  {
    "id": "94727b58-efa4-4f79-94ce-85927f7efb33",
    "data": [
      {
        "text": "desejo",
        "userDefined": false
      }
    ],
    "isTemplate": false,
    "count": 0,
    "lang": "pt-br",
    "updated": 0
  },
  {
    "id": "d5971977-29bf-4b6c-ba3d-90b0569f20cb",
    "data": [
      {
        "text": "sim",
        "meta": "@sys.ignore",
        "userDefined": false
      }
    ],
    "isTemplate": false,
    "count": 0,
    "lang": "pt-br",
    "updated": 0
  },
  {
    "id": "25c3831d-80f2-4d42-98f0-27c2789136a5",
    "data": [
      {
        "text": "há",
        "meta": "@sys.ignore",
        "userDefined": false
      },
      {
        "text": " ",
        "userDefined": false
      },
      {
        "text": "bares",
        "meta": "@local",
        "alias": "local",
        "userDefined": false
      },
      {
        "text": " na região?",
        "userDefined": false
      }
    ],
    "isTemplate": false,
    "count": 0,
    "lang": "pt-br",
    "updated": 0
  },
  {
    "id": "f0c156d4-a5ba-4bcc-a346-93ca73d09340",
    "data": [
      {
        "text": "pode me informar sobre ",
        "userDefined": false
      },
      {
        "text": "mercados",
        "meta": "@local",
        "alias": "local",
        "userDefined": false
      },
      {
        "text": "?",
        "userDefined": false
      }
    ],
    "isTemplate": false,
    "count": 0,
    "lang": "pt-br",
    "updated": 0
  },
  {
    "id": "ee85d3c7-310f-4f5e-aceb-6edb4fb97b81",
    "data": [
      {
        "text": "sim, procuro também uma ",
        "userDefined": false
      },
      {
        "text": "academia",
        "meta": "@local",
        "alias": "local",
        "userDefined": false
      }
    ],
    "isTemplate": false,
    "count": 0,
    "lang": "pt-br",
    "updated": 0
  },
  {
    "id": "c795cad4-dc21-48a1-857b-ca0cf0b99883",
    "data": [
      {
        "text": "há",
        "meta": "@sys.ignore",
        "userDefined": false
      },
      {
        "text": " ",
        "userDefined": false
      },
      {
        "text": "hospitais",
        "meta": "@local",
        "alias": "local",
        "userDefined": false
      },
      {
        "text": " nas proximidades?",
        "userDefined": false
      }
    ],
    "isTemplate": false,
    "count": 0,
    "lang": "pt-br",
    "updated": 0
  },
  {
    "id": "5551e5f7-c5a8-4f8f-bb90-56917414312e",
    "data": [
      {
        "text": "há",
        "meta": "@sys.ignore",
        "userDefined": false
      },
      {
        "text": " alguma ",
        "userDefined": false
      },
      {
        "text": "escola",
        "meta": "@local",
        "alias": "local",
        "userDefined": false
      },
      {
        "text": " na região?",
        "userDefined": false
      }
    ],
    "isTemplate": false,
    "count": 0,
    "lang": "pt-br",
    "updated": 0
  },
  {
    "id": "9d542228-be93-4b00-b671-13f9b50a120a",
    "data": [
      {
        "text": "sim, gostaria de saber sobre ",
        "userDefined": false
      },
      {
        "text": "teatro",
        "meta": "@local",
        "alias": "local",
        "userDefined": false
      }
    ],
    "isTemplate": false,
    "count": 0,
    "lang": "pt-br",
    "updated": 0
  },
  {
    "id": "670c2b59-1702-4148-8c76-37215bd4b0bb",
    "data": [
      {
        "text": "e quanto a um ",
        "userDefined": false
      },
      {
        "text": "cinema",
        "meta": "@local",
        "alias": "local",
        "userDefined": false
      },
      {
        "text": "?",
        "userDefined": false
      }
    ],
    "isTemplate": false,
    "count": 0,
    "lang": "pt-br",
    "updated": 0
  },
  {
    "id": "4af45c0e-c9e5-4624-93ab-c83bb1b8006a",
    "data": [
      {
        "text": "quero um ",
        "userDefined": false
      },
      {
        "text": "restaurante",
        "meta": "@local",
        "alias": "local",
        "userDefined": false
      }
    ],
    "isTemplate": false,
    "count": 0,
    "lang": "pt-br",
    "updated": 0
  },
  {
    "id": "041063a3-4973-4644-a09e-00448b62e707",
    "data": [
      {
        "text": "desejo uma ",
        "userDefined": false
      },
      {
        "text": "lanchonete",
        "meta": "@local",
        "alias": "local",
        "userDefined": false
      }
    ],
    "isTemplate": false,
    "count": 0,
    "lang": "pt-br",
    "updated": 0
  },
  {
    "id": "84ba4882-b26b-4c24-8f11-0db99e42bd9c",
    "data": [
      {
        "text": "gostaria de ",
        "userDefined": false
      },
      {
        "text": "museu",
        "meta": "@local",
        "alias": "local",
        "userDefined": false
      }
    ],
    "isTemplate": false,
    "count": 0,
    "lang": "pt-br",
    "updated": 0
  },
  {
    "id": "9d449ae3-da85-46ce-9c4c-3b893acb7efa",
    "data": [
      {
        "text": "sim ",
        "userDefined": false
      },
      {
        "text": "comprar",
        "meta": "@sys.ignore",
        "userDefined": false
      },
      {
        "text": " ",
        "userDefined": false
      },
      {
        "text": "salgados",
        "meta": "@local",
        "alias": "local",
        "userDefined": true
      }
    ],
    "isTemplate": false,
    "count": 0,
    "lang": "pt-br",
    "updated": 0
  }
]